{"epoch/loss":2.170851230621338,"epoch/epoch":0,"_wandb":{"runtime":5},"epoch/val_accuracy":0.4131999909877777,"epoch/val_loss":2.294762372970581,"epoch/accuracy":0.37389999628067017,"_runtime":4.225121671,"_step":0,"_timestamp":1.7417085002729669e+09,"epoch/learning_rate":0.009999999776482582}