{"epoch/epoch":127,"_wandb":{"runtime":309},"epoch/val_accuracy":0.9789999723434448,"_runtime":309.058032649,"epoch/val_loss":0.06866130977869034,"_step":127,"epoch/accuracy":0.9986000061035156,"epoch/loss":0.013947605155408382,"epoch/learning_rate":0.009999999776482582,"_timestamp":1.7417105364461045e+09}