{"epoch/val_accuracy":0.9807000160217285,"epoch/val_loss":0.2438269555568695,"epoch/loss":0.0017094031209126115,"epoch/accuracy":0.9994500279426575,"epoch/epoch":127,"_runtime":404.339758582,"_step":127,"epoch/learning_rate":0.0010000000474974513,"_wandb":{"runtime":404},"_timestamp":1.7417094435013032e+09}